<?xml version="1.0" encoding="UTF-8"?>
<services xmlns="http://www.demandware.com/xml/impex/services/2014-09-26">
    <service-credential service-credential-id="PaymentServiceCredentials">
        <url>https://apitest.cybersource.com</url>
        <user-id/>
        <password encrypted="true" encryption-type="common.export">z/gv4K8ZTrK1R7mjNTWrv7TH0Z6hqbGmkERFP9H+1zs=</password>
    </service-credential>

    <service-profile service-profile-id="PaymentServiceProfile">
        <timeout-millis>0</timeout-millis>
        <rate-limit-enabled>false</rate-limit-enabled>
        <rate-limit-calls>0</rate-limit-calls>
        <rate-limit-millis>0</rate-limit-millis>
        <cb-enabled>false</cb-enabled>
        <cb-calls>0</cb-calls>
        <cb-millis>0</cb-millis>
    </service-profile>

    <service service-id="PaymentHttpService">
        <service-type>HTTP</service-type>
        <enabled>true</enabled>
        <log-prefix/>
        <comm-log-enabled>false</comm-log-enabled>
        <force-prd-enabled>true</force-prd-enabled>
        <mock-mode-enabled>false</mock-mode-enabled>
        <profile-id>PaymentServiceProfile</profile-id>
        <credential-id>PaymentServiceCredentials</credential-id>
    </service>

</services>
