<?xml version="1.0" encoding="UTF-8"?>
<metadata xmlns="http://www.demandware.com/xml/impex/metadata/2006-10-31">
<custom-type type-id="Network Tokens Webhook">
        <display-name xml:lang="x-default">Network Tokens Webhook</display-name>
        <description xml:lang="x-default">Webhook subscription for network token updates</description>       
        <staging-mode>no-staging</staging-mode>
        <storage-scope>organization</storage-scope>
        <key-definition attribute-id="MerchantId">
            <type>string</type>
            <min-length>0</min-length>
        </key-definition>
        <attribute-definitions>
            <attribute-definition attribute-id="SecurityKey">
                <display-name xml:lang="x-default">Security Key</display-name>
                <type>string</type>
                <localizable-flag>false</localizable-flag>
                <mandatory-flag>true</mandatory-flag>
                <externally-managed-flag>false</externally-managed-flag>
                <min-length>0</min-length>
            </attribute-definition>
            <attribute-definition attribute-id="SubscriptionId">
                <display-name xml:lang="x-default">Subscription Id</display-name>
                <type>string</type>
                <localizable-flag>false</localizable-flag>
                <mandatory-flag>true</mandatory-flag>
                <externally-managed-flag>false</externally-managed-flag>
                <min-length>0</min-length>
            </attribute-definition>
        </attribute-definitions>
        <group-definitions>
            <attribute-group group-id="Network Tokens Webhook">
                <display-name xml:lang="x-default">Network Tokens Webhook</display-name>
                <attribute attribute-id="MerchantId"/>
                <attribute attribute-id="SecurityKey"/>
                <attribute attribute-id="SubscriptionId"/>
            </attribute-group>
        </group-definitions>
    </custom-type>
</metadata>