<?xml version="1.0" encoding="UTF-8"?>
<metadata xmlns="http://www.demandware.com/xml/impex/metadata/2006-10-31">
    <type-extension type-id="SitePreferences">
        <custom-attribute-definitions>
            <attribute-definition attribute-id="Cybersource_FlexMicroform">
                <display-name xml:lang="x-default">Enable Secure Acceptance - Flex Microfrom</display-name>
                <description xml:lang="x-default">Enable or Disable Cybersource Flex Microform service</description>
                <type>boolean</type>
                <externally-managed-flag>false</externally-managed-flag>
                <default-value>true</default-value>
            </attribute-definition>
            <attribute-definition attribute-id="Cybersource_AllowedCardNetworks">
                <display-name xml:lang="x-default">allowedCardNetworks</display-name>
                <description xml:lang="x-default">Configure card types for Cybersource Flex Microform</description>
                <type>enum-of-string</type>
                <mandatory-flag>false</mandatory-flag>
                <externally-managed-flag>false</externally-managed-flag>
                <select-multiple-flag>true</select-multiple-flag>
                <value-definitions>
                    <value-definition default="true">
                        <display xml:lang="x-default">VISA</display>
                        <value>VISA</value>
                    </value-definition>
                    <value-definition>
                        <display xml:lang="x-default">MAESTRO</display>
                        <value>MAESTRO</value>
                    </value-definition>
                    <value-definition>
                        <display xml:lang="x-default">MASTERCARD</display>
                        <value>MASTERCARD</value>
                    </value-definition>
                    <value-definition>
                        <display xml:lang="x-default">AMEX</display>
                        <value>AMEX</value>
                    </value-definition>
                    <value-definition>
                        <display xml:lang="x-default">DISCOVER</display>
                        <value>DISCOVER</value>
                    </value-definition>
                    <value-definition>
                        <display xml:lang="x-default">DINERSCLUB</display>
                        <value>DINERSCLUB</value>
                    </value-definition>
                    <value-definition>
                        <display xml:lang="x-default">JCB</display>
                        <value>JCB</value>
                    </value-definition>
                    <value-definition>
                        <display xml:lang="x-default">CUP</display>
                        <value>CUP</value>
                    </value-definition>
                    <value-definition>
                        <display xml:lang="x-default">CARTESBANCAIRES</display>
                        <value>CARTESBANCAIRES</value>
                    </value-definition>
                    <value-definition>
                        <display xml:lang="x-default">JCREW</display>
                        <value>JCREW</value>
                    </value-definition>
                    <value-definition>
                        <display xml:lang="x-default">ELO</display>
                        <value>ELO</value>
                    </value-definition>
                </value-definitions>
            </attribute-definition>
        </custom-attribute-definitions>
        <group-definitions>
            <attribute-group group-id="Cybersource_FlexMicroform">
                <display-name xml:lang="x-default">Flex Microform Configuration</display-name>
                <attribute attribute-id="Cybersource_FlexMicroform"/>
                <attribute attribute-id="Cybersource_AllowedCardNetworks"/>
            </attribute-group>
        </group-definitions>
    </type-extension>
</metadata>