<?xml version="1.0" encoding="UTF-8"?>
<metadata xmlns="http://www.demandware.com/xml/impex/metadata/2006-10-31">
    <type-extension type-id="SitePreferences">
        <custom-attribute-definitions>
            <attribute-definition attribute-id="Cybersource_CartridgeEnabled">
                <display-name xml:lang="x-default">Enable Cybersource Cartridge</display-name>
                <description xml:lang="x-default">Enable or disable Cybersource Cartridge. If disabled none of the Cybersource services are invoked.</description>
                <type>boolean</type>
                <externally-managed-flag>false</externally-managed-flag>
                <default-value>true</default-value>
            </attribute-definition>
            <attribute-definition attribute-id="Cybersource_MerchantID">
                <display-name xml:lang="x-default">Cybersource MerchantID</display-name>
                <description xml:lang="x-default">Cybersource Merchant ID</description>
                <type>string</type>
                <externally-managed-flag>false</externally-managed-flag>
            </attribute-definition>
            <attribute-definition attribute-id="Cybersource_MerchantKeyId">
                <display-name xml:lang="x-default">Cybersource REST KeyId</display-name>
                <description xml:lang="x-default">Cybersource REST Key ID</description>
                <type>string</type>
                <externally-managed-flag>false</externally-managed-flag>
            </attribute-definition>
            <attribute-definition attribute-id="Cybersource_MerchantKeySecret">
                <display-name xml:lang="x-default">Cybersource REST Secret Key</display-name>
                <description xml:lang="x-default">Cybersource REST Secret Key</description>
                <type>string</type>
                <externally-managed-flag>false</externally-managed-flag>
            </attribute-definition>
            <attribute-definition attribute-id="Cybersource_DeveloperId">
                <display-name xml:lang="x-default">DeveloperId</display-name>
                <description xml:lang="x-default">Unique identifier generated by Cybersource for System Integrator</description>
                <type>string</type>
                <externally-managed-flag>false</externally-managed-flag>
            </attribute-definition>
            <attribute-definition attribute-id="Cybersource_CardTransactionType">
                <display-name xml:lang="x-default">Credit/Debit Card Transaction Type</display-name>
                <type>enum-of-string</type>
                <mandatory-flag>true</mandatory-flag>
                <externally-managed-flag>false</externally-managed-flag>
                <value-definitions>
                    <value-definition default="true">
                        <display xml:lang="x-default">Auth</display>
                        <value>auth</value>
                    </value-definition>
                    <value-definition>
                        <display xml:lang="x-default">Sale</display>
                        <value>sale</value>
                    </value-definition>
                </value-definitions>
            </attribute-definition>
            <attribute-definition attribute-id="Cybersource_CommerceIndicator">
                <display-name xml:lang="x-default">Commerce Indicator</display-name>
                <type>enum-of-string</type>
                <mandatory-flag>false</mandatory-flag>
                <externally-managed-flag>false</externally-managed-flag>
                <value-definitions>
                    <value-definition default="true">
                        <display xml:lang="x-default">internet</display>
                        <value>internet</value>
                    </value-definition>
                    <value-definition>
                        <display xml:lang="x-default">moto</display>
                        <value>MOTO</value>
                    </value-definition>
                </value-definitions>
            </attribute-definition>
            <attribute-definition attribute-id="Cybersource_DAVEnabled">
                <display-name xml:lang="x-default">Enable Delivery Address Verification Services</display-name>
                <description xml:lang="x-default">Enable or Disable Delivery Address Verification for Cybersource Cartridge</description>
                <type>boolean</type>
                <externally-managed-flag>false</externally-managed-flag>
                <default-value>true</default-value>
            </attribute-definition>
            <attribute-definition attribute-id="Cybersource_TaxCalculationEnabled">
                <display-name xml:lang="x-default">Enable Tax calculation Services</display-name>
                <description xml:lang="x-default">Enables or Disables Tax calculation for Cybersource Cartridge</description>
                <type>boolean</type>
                <externally-managed-flag>false</externally-managed-flag>
                <default-value>true</default-value>
            </attribute-definition>
            <attribute-definition attribute-id="Cybersource_NexusStateList">
                <display-name xml:lang="x-default">List of nexus states</display-name>
                <description xml:lang="x-default">When your company has nexus in the U.S. or Canada, you might be required to collect sales tax or seller's use tax in those countries</description>
                <type>set-of-string</type>
                <externally-managed-flag>false</externally-managed-flag>
                <default-value>false</default-value>
            </attribute-definition>
            <attribute-definition attribute-id="Cybersource_NoNexusStateList">
                <display-name xml:lang="x-default">List of nexus states to exclude</display-name>
                <description xml:lang="x-default">List of nexus states to exclude</description>
                <type>set-of-string</type>
                <externally-managed-flag>false</externally-managed-flag>
                <default-value>false</default-value>
            </attribute-definition>
            <attribute-definition attribute-id="Cybersource_VatRegistrationNumber">
                <display-name xml:lang="x-default">Merchant's VAT Registration Number</display-name>
                <description xml:lang="x-default">A VAT seller registration number is required in order to calculate international taxes and might be required for some Canadian transactions. International/VAT calculation is supported in specific countries</description>
                <type>string</type>
                <externally-managed-flag>false</externally-managed-flag>
                <default-value></default-value>
            </attribute-definition>
            <attribute-definition attribute-id="Cybersource_DefaultProductTaxCode">
                <display-name xml:lang="x-default">Default Product Tax Code</display-name>
                <description xml:lang="x-default">Default tax code used when tax code is not set on a product</description>
                <type>string</type>
                <externally-managed-flag>false</externally-managed-flag>
                <default-value>5310</default-value>
            </attribute-definition>
            <attribute-definition attribute-id="Cybersource_PurchaseOrderAcceptanceCity">
                <display-name xml:lang="x-default">Purchase Order Acceptance City</display-name>
                <description xml:lang="x-default">Purchase Order Acceptance City</description>
                <type>string</type>
                <externally-managed-flag>false</externally-managed-flag>
                <default-value>Lyndhurst</default-value>
            </attribute-definition>
            <attribute-definition attribute-id="Cybersource_PurchaseOrderAcceptanceStateCode">
                <display-name xml:lang="x-default">Purchase Order Acceptance State Code</display-name>
                <description xml:lang="x-default">Purchase Order Acceptance State Code. Use the State, Province, and Territory Codes for the United States and Canada</description>
                <type>string</type>
                <externally-managed-flag>false</externally-managed-flag>
                <default-value>NJ</default-value>
            </attribute-definition>
            <attribute-definition attribute-id="Cybersource_PurchaseOrderAcceptanceZipCode">
                <display-name xml:lang="x-default">Purchase Order Acceptance zip code</display-name>
                <description xml:lang="x-default">Purchase Order Acceptance zip code</description>
                <type>string</type>
                <externally-managed-flag>false</externally-managed-flag>
                <default-value>07071</default-value>
            </attribute-definition>
            <attribute-definition attribute-id="Cybersource_PurchaseOrderAcceptanceCountryCode">
                <display-name xml:lang="x-default">Purchase Order Acceptance Country Code</display-name>
                <description xml:lang="x-default">Purchase Order Acceptance Country Code.  Use the two-character ISO Standard Country Codes</description>
                <type>string</type>
                <externally-managed-flag>false</externally-managed-flag>
                <default-value>US</default-value>
            </attribute-definition>
            <attribute-definition attribute-id="Cybersource_PurchaseOrderOriginCity">
                <display-name xml:lang="x-default">Purchase Order Origin City</display-name>
                <description xml:lang="x-default">Purchase Order Origin City</description>
                <type>string</type>
                <externally-managed-flag>false</externally-managed-flag>
                <default-value>Lyndhurst</default-value>
            </attribute-definition>
            <attribute-definition attribute-id="Cybersource_PurchaseOrderOriginStateCode">
                <display-name xml:lang="x-default">Purchase Order Origin State Code</display-name>
                <description xml:lang="x-default">Purchase Order Origin State Code. Use the State, Province, and Territory Codes for the United States and Canada</description>
                <type>string</type>
                <externally-managed-flag>false</externally-managed-flag>
                <default-value>NJ</default-value>
            </attribute-definition>
            <attribute-definition attribute-id="Cybersource_PurchaseOrderOriginZipCode">
                <display-name xml:lang="x-default">Purchase Order Origin Zip Code</display-name>
                <description xml:lang="x-default">Purchase Order Origin Zip Code</description>
                <type>string</type>
                <externally-managed-flag>false</externally-managed-flag>
                <default-value>07071</default-value>
            </attribute-definition>
            <attribute-definition attribute-id="Cybersource_PurchaseOrderOriginCountryCode">
                <display-name xml:lang="x-default">Purchase Order Origin Country Code</display-name>
                <description xml:lang="x-default">Purchase Order Origin Country Code. Use the two-character ISO Standard Country Codes</description>
                <type>string</type>
                <externally-managed-flag>false</externally-managed-flag>
                <default-value>US</default-value>
            </attribute-definition>
            <attribute-definition attribute-id="Cybersource_ShipFromCity">
                <display-name xml:lang="x-default">Ship From City</display-name>
                <description xml:lang="x-default">Ship From City</description>
                <type>string</type>
                <externally-managed-flag>false</externally-managed-flag>
                <default-value>Lyndhurst</default-value>
            </attribute-definition>
            <attribute-definition attribute-id="Cybersource_ShipFromStateCode">
                <display-name xml:lang="x-default">Ship From State Code</display-name>
                <description xml:lang="x-default">Ship From State Code</description>
                <type>string</type>
                <externally-managed-flag>false</externally-managed-flag>
                <default-value>NJ</default-value>
            </attribute-definition>
            <attribute-definition attribute-id="Cybersource_ShipFromZipCode">
                <display-name xml:lang="x-default">Ship From Zip Code</display-name>
                <description xml:lang="x-default">Ship From Zip Code</description>
                <type>string</type>
                <externally-managed-flag>false</externally-managed-flag>
                <default-value>07071</default-value>
            </attribute-definition>
            <attribute-definition attribute-id="Cybersource_ShipFromCountryCode">
                <display-name xml:lang="x-default">Ship From Country Code</display-name>
                <description xml:lang="x-default">Ship From Country Code</description>
                <type>string</type>
                <externally-managed-flag>false</externally-managed-flag>
                <default-value>US</default-value>
            </attribute-definition>
            <attribute-definition attribute-id="Cybersource_TokenizationEnabled">
                <display-name xml:lang="x-default">Enable Tokenization Services</display-name>
                <description xml:lang="x-default">Enable or Disable the Tokenization Service saving Credit/Debit Card on My Account page</description>
                <type>boolean</type>
                <externally-managed-flag>false</externally-managed-flag>
                <default-value>true</default-value>
            </attribute-definition>
            <attribute-definition attribute-id="Cybersource_LimitSavedCardEnabled">
                <display-name xml:lang="x-default">Enable limiting Saved Card</display-name>
                <description xml:lang="x-default">Enable or Disable limiting Saved Card on My Account page</description>
                <type>boolean</type>
                <externally-managed-flag>false</externally-managed-flag>
                <default-value>true</default-value>
            </attribute-definition>
            <attribute-definition attribute-id="Cybersource_PaymentInstrumentAllowedInInterval">
                <display-name xml:lang="x-default">Saved Card Allowed</display-name>
                <description xml:lang="x-default">Number of Cards that can be added in a defined interval on My Account page</description>
                <type>int</type>
                <externally-managed-flag>false</externally-managed-flag>
                <default-value>20</default-value>
            </attribute-definition>
            <attribute-definition attribute-id="Cybersource_ResetIntervalInHours">
                <display-name xml:lang="x-default">Reset Interval (in Hours)</display-name>
                <description xml:lang="x-default">Number of hours that saved card attempts are counted</description>
                <type>int</type>
                <externally-managed-flag>false</externally-managed-flag>
                <default-value>1</default-value>
            </attribute-definition>
            <attribute-definition attribute-id="Cybersource_NetworkToken">
                <display-name xml:lang="x-default">Network Token Updates</display-name>
                <description xml:lang="x-default">Subscribe to Network Token life cycle updates</description>
                <type>boolean</type>
                <externally-managed-flag>false</externally-managed-flag>
                <default-value>false</default-value>
            </attribute-definition>
            <attribute-definition attribute-id="Cybersource_FlexMicroform">
                <display-name xml:lang="x-default">Enable Secure Acceptance - Flex Microfrom</display-name>
                <description xml:lang="x-default">Enable or Disable Cybersource Flex Microform service</description>
                <type>boolean</type>
                <externally-managed-flag>false</externally-managed-flag>
                <default-value>true</default-value>
            </attribute-definition>
            <attribute-definition attribute-id="Cybersource_AllowedCardNetworks">
                <display-name xml:lang="x-default">allowedCardNetworks</display-name>
                <description xml:lang="x-default">Configure card types for Cybersource Flex Microform</description>
                <type>enum-of-string</type>
                <mandatory-flag>false</mandatory-flag>
                <externally-managed-flag>false</externally-managed-flag>
                <select-multiple-flag>true</select-multiple-flag>
                <value-definitions>
                    <value-definition default="true">
                        <display xml:lang="x-default">VISA</display>
                        <value>VISA</value>
                    </value-definition>
                    <value-definition>
                        <display xml:lang="x-default">MAESTRO</display>
                        <value>MAESTRO</value>
                    </value-definition>
                    <value-definition>
                        <display xml:lang="x-default">MASTERCARD</display>
                        <value>MASTERCARD</value>
                    </value-definition>
                    <value-definition>
                        <display xml:lang="x-default">AMEX</display>
                        <value>AMEX</value>
                    </value-definition>
                    <value-definition>
                        <display xml:lang="x-default">DISCOVER</display>
                        <value>DISCOVER</value>
                    </value-definition>
                    <value-definition>
                        <display xml:lang="x-default">DINERSCLUB</display>
                        <value>DINERSCLUB</value>
                    </value-definition>
                    <value-definition>
                        <display xml:lang="x-default">JCB</display>
                        <value>JCB</value>
                    </value-definition>
                    <value-definition>
                        <display xml:lang="x-default">CUP</display>
                        <value>CUP</value>
                    </value-definition>
                    <value-definition>
                        <display xml:lang="x-default">CARTESBANCAIRES</display>
                        <value>CARTESBANCAIRES</value>
                    </value-definition>
                    <value-definition>
                        <display xml:lang="x-default">JCREW</display>
                        <value>JCREW</value>
                    </value-definition>
                    <value-definition>
                        <display xml:lang="x-default">ELO</display>
                        <value>ELO</value>
                    </value-definition>
                </value-definitions>
            </attribute-definition>
            <attribute-definition attribute-id="Cybersource_DecisionManager">
                <display-name xml:lang="x-default">Enable Decision Manager Services</display-name>
                <description xml:lang="x-default">Enable or Disable Decision Manager for Cybersource Cartridge</description>
                <type>boolean</type>
                <externally-managed-flag>false</externally-managed-flag>
                <default-value>true</default-value>
            </attribute-definition>
            <attribute-definition attribute-id="Cybersource_ConversionDetailReportLookbackTime">
                <display-name xml:lang="x-default">Conversion Detail Report Lookback time</display-name>
                <description xml:lang="x-default">Number of hours the job will look back for new decisions. CS does not support lookbacks over 24 hours. Do not set above 24</description>
                <type>int</type>
                <externally-managed-flag>false</externally-managed-flag>
                <default-value>23</default-value>
            </attribute-definition>
            <attribute-definition attribute-id="Cybersource_DeviceFingerprintEnabled">
                <display-name xml:lang="x-default">Enable DeviceFingerprint Service</display-name>
                <description xml:lang="x-default">Enable or Disable DeviceFingerprint for Cybersource Cartridge</description>
                <type>boolean</type>
                <externally-managed-flag>false</externally-managed-flag>
                <default-value>true</default-value>
            </attribute-definition>
            <attribute-definition attribute-id="Cybersource_OrganizationId">
                <display-name xml:lang="x-default">Organization id</display-name>
                <description xml:lang="x-default">TOrganization ID for the device fingerprint check</description>
                <type>string</type>
                <externally-managed-flag>false</externally-managed-flag>
                <default-value>1snn5n9w</default-value>
            </attribute-definition>
            <attribute-definition attribute-id="Cybersource_ThreadMatrixUrl">
                <display-name xml:lang="x-default">Thread Matrix Url</display-name>
                <description xml:lang="x-default">Thread Matrix URL pointing to JS that generates and retrieves the fingerprint</description>
                <type>string</type>
                <externally-managed-flag>false</externally-managed-flag>
                <default-value>https://h.online-metrix.net</default-value>
            </attribute-definition>
            <attribute-definition attribute-id="Cybersource_DeviceFingerprintTTL">
                <display-name xml:lang="x-default">TTL (Time To Live)</display-name>
                <description xml:lang="x-default">Time, in milliseconds between generating a new fingerprint for any given customer session</description>
                <type>string</type>
                <externally-managed-flag>false</externally-managed-flag>
                <default-value>86,400,000</default-value>
            </attribute-definition>
            <attribute-definition attribute-id="Cybersource_PayerAuthEnabled">
                <display-name xml:lang="x-default">Enable Payer Authentication</display-name>
                <description xml:lang="x-default">Enable or Disable Payer Authentication service</description>
                <type>boolean</type>
                <externally-managed-flag>false</externally-managed-flag>
                <default-value>false</default-value>
            </attribute-definition>
            <attribute-definition attribute-id="Cybersource_IsSCAEnabled">
                <display-name xml:lang="x-default">Enable SCA</display-name>
                <description xml:lang="x-default">Enable or Disable Strong Customer Authentication</description>
                <type>boolean</type>
                <externally-managed-flag>false</externally-managed-flag>
                <default-value>false</default-value>
            </attribute-definition>
            <attribute-definition attribute-id="Cybersource_EnableGooglePay">
                <display-name xml:lang="x-default">Enable Google Pay</display-name>
                <description xml:lang="x-default"></description>
                <type>boolean</type>
                <externally-managed-flag>false</externally-managed-flag>
                <default-value>false</default-value>
            </attribute-definition>
            <attribute-definition attribute-id="Cybersource_GooglePayEnvironment">
                <display-name xml:lang="x-default">Google Pay Environment</display-name>
                <description xml:lang="x-default"></description>
                <type>enum-of-string</type>
                <externally-managed-flag>false</externally-managed-flag>
                <default-value>TEST</default-value>
            </attribute-definition>
            <attribute-definition attribute-id="Cybersource_EnableGooglePayOnMiniCart">
                <display-name xml:lang="x-default">Enable Google Pay On Mini Cart</display-name>
                <description xml:lang="x-default"></description>
                <type>boolean</type>
                <externally-managed-flag>false</externally-managed-flag>
                <default-value>false</default-value>
            </attribute-definition>
            <attribute-definition attribute-id="Cybersource_EnableGooglePayOnCart">
                <display-name xml:lang="x-default">Enable Google Pay On Cart</display-name>
                <description xml:lang="x-default"></description>
                <type>boolean</type>
                <externally-managed-flag>false</externally-managed-flag>
                <default-value>false</default-value>
            </attribute-definition>
            <attribute-definition attribute-id="Cybersource_GooglePayMerchantId">
                <display-name xml:lang="x-default">Google Pay MerchantId</display-name>
                <description xml:lang="x-default"></description>
                <type>string</type>
                <externally-managed-flag>false</externally-managed-flag>
            </attribute-definition>
            <attribute-definition attribute-id="Cybersource_GooglePayTransactionType">
                <display-name xml:lang="x-default">Google Pay Transaction Type</display-name>
                <type>enum-of-string</type>
                <mandatory-flag>true</mandatory-flag>
                <externally-managed-flag>false</externally-managed-flag>
                <value-definitions>
                    <value-definition default="true">
                        <display xml:lang="x-default">Auth</display>
                        <value>auth</value>
                    </value-definition>
                    <value-definition>
                        <display xml:lang="x-default">Sale</display>
                        <value>sale</value>
                    </value-definition>
                </value-definitions>
            </attribute-definition>
            <attribute-definition attribute-id="Cybersource_ClicktoPayProduction">
                <display-name xml:lang="x-default">True for production</display-name>
                <description xml:lang="x-default"></description>
                <type>boolean</type>
                <externally-managed-flag>false</externally-managed-flag>
                <default-value>false</default-value>
            </attribute-definition>
            <attribute-definition attribute-id="Cybersource_ClicktoPayEnabled">
                <display-name xml:lang="x-default">Enable Click to Pay</display-name>
                <description xml:lang="x-default"></description>
                <type>boolean</type>
                <externally-managed-flag>false</externally-managed-flag>
                <default-value>false</default-value>
            </attribute-definition>
            <attribute-definition attribute-id="Cybersource_ClicktoPayKey">
                <display-name xml:lang="x-default">Click to Pay Key</display-name>
                <description xml:lang="x-default"></description>
                <type>string</type>
                <externally-managed-flag>false</externally-managed-flag>
                <default-value>false</default-value>
            </attribute-definition>
            <attribute-definition attribute-id="Cybersource_ClicktoPayTransactionType">
                <display-name xml:lang="x-default">Click to Pay Transaction Type</display-name>
                <type>enum-of-string</type>
                <mandatory-flag>true</mandatory-flag>
                <externally-managed-flag>false</externally-managed-flag>
                <value-definitions>
                    <value-definition default="true">
                        <display xml:lang="x-default">Auth</display>
                        <value>auth</value>
                    </value-definition>
                    <value-definition>
                        <display xml:lang="x-default">Sale</display>
                        <value>sale</value>
                    </value-definition>
                </value-definitions>
            </attribute-definition>
            <attribute-definition attribute-id="Cybersource_MLEEnabled">
                <display-name xml:lang="x-default">Enable Message-Level Encryption</display-name>
                <description xml:lang="x-default">Enable or Disable Message-Level Encryption.</description>
                <type>boolean</type>
                <externally-managed-flag>false</externally-managed-flag>
                <default-value>false</default-value>
            </attribute-definition>
             <attribute-definition attribute-id="Cybersource_CertificateSerialNo">
                <display-name xml:lang="x-default">Certificate Serial Number</display-name>
                <description xml:lang="x-default">Serial Number of "CyberSource_SJC_US" certificate extracted from p12 file.</description>
                <type>string</type>
                <externally-managed-flag>false</externally-managed-flag>
            </attribute-definition>
            <attribute-definition attribute-id="Cybersource_CertificateAlias">
                <display-name xml:lang="x-default">Alias of the Certificate</display-name>
                <description xml:lang="x-default">Alias of the "CyberSource_SJC_US" Certificate imported in "Private Keys and Certificates".</description>
                <type>string</type>
                <externally-managed-flag>false</externally-managed-flag>
            </attribute-definition>
        </custom-attribute-definitions>
        <group-definitions>
            <attribute-group group-id="Cybersource_Core">
                <display-name xml:lang="x-default">Cybersource Cartridge configuration</display-name>
                <attribute attribute-id="Cybersource_CartridgeEnabled"/>
                <attribute attribute-id="Cybersource_MerchantID"/>
                <attribute attribute-id="Cybersource_MerchantKeyId"/>
                <attribute attribute-id="Cybersource_MerchantKeySecret"/>
                <attribute attribute-id="Cybersource_DeveloperId"/>
                <attribute attribute-id="Cybersource_CardTransactionType"/>
                <attribute attribute-id="Cybersource_CommerceIndicator"/>
            </attribute-group>
            <attribute-group group-id="Cybersource_DeliveryAddressVerification">
                <display-name xml:lang="x-default">Delivery Address Verification Configuration</display-name>
                <attribute attribute-id="Cybersource_DAVEnabled"/>
            </attribute-group>
            <attribute-group group-id="Cybersource_TaxConfiguration">
                <display-name xml:lang="x-default">Tax Calulation Configuration</display-name>
                <attribute attribute-id="Cybersource_TaxCalculationEnabled"/>
                <attribute attribute-id="Cybersource_NexusStateList"/>
                <attribute attribute-id="Cybersource_NoNexusStateList"/>
                <attribute attribute-id="Cybersource_VatRegistrationNumber"/>
                <attribute attribute-id="Cybersource_DefaultProductTaxCode"/>
                <attribute attribute-id="Cybersource_PurchaseOrderAcceptanceCity"/>
                <attribute attribute-id="Cybersource_PurchaseOrderAcceptanceStateCode"/>
                <attribute attribute-id="Cybersource_PurchaseOrderAcceptanceZipCode"/>
                <attribute attribute-id="Cybersource_PurchaseOrderAcceptanceCountryCode"/>
                <attribute attribute-id="Cybersource_PurchaseOrderOriginCity"/>
                <attribute attribute-id="Cybersource_PurchaseOrderOriginStateCode"/>
                <attribute attribute-id="Cybersource_PurchaseOrderOriginZipCode"/>
                <attribute attribute-id="Cybersource_PurchaseOrderOriginCountryCode"/>
                <attribute attribute-id="Cybersource_ShipFromCity"/>
                <attribute attribute-id="Cybersource_ShipFromStateCode"/>
                <attribute attribute-id="Cybersource_ShipFromZipCode"/>
                <attribute attribute-id="Cybersource_ShipFromCountryCode"/>
            </attribute-group>
            <attribute-group group-id="Cybersource_Tokenization">
                <display-name xml:lang="x-default">Tokenization Configuration</display-name>
                <attribute attribute-id="Cybersource_TokenizationEnabled"/>
                <attribute attribute-id="Cybersource_LimitSavedCardEnabled"/>
                <attribute attribute-id="Cybersource_PaymentInstrumentAllowedInInterval"/>
                <attribute attribute-id="Cybersource_ResetIntervalInHours"/>
                <attribute attribute-id="Cybersource_NetworkToken"/>
            </attribute-group>
            <attribute-group group-id="Cybersource_FlexMicroform">
                <display-name xml:lang="x-default">Flex Microform Configuration</display-name>
                <attribute attribute-id="Cybersource_FlexMicroform"/>
                <attribute attribute-id="Cybersource_AllowedCardNetworks"/>
            </attribute-group>
            <attribute-group group-id="Cybersource_DecisionManager">
                <display-name xml:lang="x-default">Decision Manager Configuration</display-name>
                <attribute attribute-id="Cybersource_DecisionManager"/>
                <attribute attribute-id="Cybersource_ConversionDetailReportLookbackTime"/>
            </attribute-group>
            <attribute-group group-id="Cybersource_DeviceFingerprint">
                <display-name xml:lang="x-default">Device Finger Print Configuration</display-name>
                <attribute attribute-id="Cybersource_DeviceFingerprintEnabled"/>
                <attribute attribute-id="Cybersource_OrganizationId"/>
                <attribute attribute-id="Cybersource_ThreadMatrixUrl"/>
                <attribute attribute-id="Cybersource_DeviceFingerprintTTL"/>
            </attribute-group>
            <attribute-group group-id="Cybersource_PayerAuthentication">
                <display-name xml:lang="x-default">Payer Authentication Configuration</display-name>
                <attribute attribute-id="Cybersource_PayerAuthEnabled"/>
                <attribute attribute-id="Cybersource_IsSCAEnabled"/>
            </attribute-group>
            <attribute-group group-id="Cybersource_GooglePay">
                <display-name xml:lang="x-default">Google Pay Configuration</display-name>
                <attribute attribute-id="Cybersource_EnableGooglePay"/>
                <attribute attribute-id="Cybersource_GooglePayEnvironment"/>
                <attribute attribute-id="Cybersource_EnableGooglePayOnMiniCart"/>
                <attribute attribute-id="Cybersource_EnableGooglePayOnCart"/>
                <attribute attribute-id="Cybersource_GooglePayMerchantId"/>
                <attribute attribute-id="Cybersource_GooglePayTransactionType"/>
            </attribute-group>
            <attribute-group group-id="Cybersource_ClicktoPay">
                <display-name xml:lang="x-default">Click to Pay Configuration</display-name>
                <attribute attribute-id="Cybersource_ClicktoPayProduction"/>
                <attribute attribute-id="Cybersource_ClicktoPayEnabled"/>
                <attribute attribute-id="Cybersource_ClicktoPayKey"/> 
                <attribute attribute-id="Cybersource_ClicktoPayTransactionType"/>
            </attribute-group>
            <attribute-group group-id="Cybersource_MLE">
                <display-name xml:lang="x-default">Message-Level Encryption Configuration</display-name>
                <attribute attribute-id="Cybersource_MLEEnabled"/>
                <attribute attribute-id="Cybersource_CertificateSerialNo"/>
                <attribute attribute-id="Cybersource_CertificateAlias"/> 
            </attribute-group>
        </group-definitions>
    </type-extension>
</metadata>
