<?xml version="1.0" encoding="UTF-8"?>
<metadata xmlns="http://www.demandware.com/xml/impex/metadata/2006-10-31">
    <type-extension type-id="SitePreferences">
        <custom-attribute-definitions>
            <attribute-definition attribute-id="Cybersource_MLEEnabled">
                <display-name xml:lang="x-default">Enable Message-Level Encryption</display-name>
                <description xml:lang="x-default">Enable or Disable Message-Level Encryption.</description>
                <type>boolean</type>
                <externally-managed-flag>false</externally-managed-flag>
                <default-value>false</default-value>
            </attribute-definition>
            <attribute-definition attribute-id="Cybersource_CertificateSerialNo">
                <display-name xml:lang="x-default">Certificate Serial Number</display-name>
                <description xml:lang="x-default">Serial Number of "CyberSource_SJC_US" certificate extracted from p12 file.</description>
                <type>string</type>
                <externally-managed-flag>false</externally-managed-flag>
            </attribute-definition>
            <attribute-definition attribute-id="Cybersource_CertificateAlias">
                <display-name xml:lang="x-default">Alias of the Certificate</display-name>
                <description xml:lang="x-default">Alias of the "CyberSource_SJC_US" Certificate imported in "Private Keys and Certificates".</description>
                <type>string</type>
                <externally-managed-flag>false</externally-managed-flag>
            </attribute-definition>
        </custom-attribute-definitions>
        <group-definitions>
            <attribute-group group-id="Cybersource_MLE">
                <display-name xml:lang="x-default">Message-Level Encryption Configuration</display-name>
                <attribute attribute-id="Cybersource_MLEEnabled"/>
                <attribute attribute-id="Cybersource_CertificateSerialNo"/>
                <attribute attribute-id="Cybersource_CertificateAlias"/>
            </attribute-group>
        </group-definitions>
    </type-extension>
</metadata>
