<?xml version="1.0" encoding="UTF-8"?>
<metadata xmlns="http://www.demandware.com/xml/impex/metadata/2006-10-31">
    <type-extension type-id="SitePreferences">
        <custom-attribute-definitions>
            <attribute-definition attribute-id="Cybersource_PayerAuthEnabled">
                <display-name xml:lang="x-default">Enable Payer Authentication</display-name>
                <description xml:lang="x-default">Enable or Disable Payer Authentication service</description>
                <type>boolean</type>
                <externally-managed-flag>false</externally-managed-flag>
                <default-value>false</default-value>
            </attribute-definition>
            <attribute-definition attribute-id="Cybersource_IsSCAEnabled">
                <display-name xml:lang="x-default">Enable SCA</display-name>
                <description xml:lang="x-default">Enable or Disable Strong Customer Authentication</description>
                <type>boolean</type>
                <externally-managed-flag>false</externally-managed-flag>
                <default-value>false</default-value>
            </attribute-definition>
        </custom-attribute-definitions>
        <group-definitions>
            <attribute-group group-id="Cybersource_PayerAuthentication">
                <display-name xml:lang="x-default">Payer Authentication Configuration</display-name>
                <attribute attribute-id="Cybersource_PayerAuthEnabled"/>
                <attribute attribute-id="Cybersource_IsSCAEnabled"/>
            </attribute-group>
        </group-definitions>
    </type-extension>
</metadata>
