<?xml version="1.0" encoding="UTF-8"?>
<metadata xmlns="http://www.demandware.com/xml/impex/metadata/2006-10-31">
    <type-extension type-id="PaymentTransaction">
        <custom-attribute-definitions>
            <attribute-definition attribute-id="AmountPaid">
                <display-name xml:lang="x-default">Amount Paid</display-name>
                <type>double</type>
                <mandatory-flag>false</mandatory-flag>
                <externally-managed-flag>false</externally-managed-flag>
            </attribute-definition>
            <attribute-definition attribute-id="reconciliationId">
                <display-name xml:lang="x-default">Reconciliation ID</display-name>
                <type>string</type>
                <mandatory-flag>false</mandatory-flag>
                <externally-managed-flag>false</externally-managed-flag>
                <min-length>0</min-length>
            </attribute-definition>
            <attribute-definition attribute-id="requestId">
                <display-name xml:lang="x-default">Request ID</display-name>
                <type>string</type>
                <mandatory-flag>false</mandatory-flag>
                <externally-managed-flag>false</externally-managed-flag>
                <min-length>0</min-length>
            </attribute-definition>
            <attribute-definition attribute-id="paymentDetails">
                <display-name xml:lang="x-default">Payment Details</display-name>
                <type>string</type>
                <mandatory-flag>false</mandatory-flag>
                <externally-managed-flag>false</externally-managed-flag>
                <min-length>0</min-length>
            </attribute-definition>

            <!-- VISA CHECKOUT FIELDS -->
            <attribute-definition attribute-id="avscodeRaw">
                <display-name xml:lang="x-default">Raw AVS Code</display-name>
                <type>string</type>
                <mandatory-flag>false</mandatory-flag>
                <externally-managed-flag>false</externally-managed-flag>
                <min-length>0</min-length>
            </attribute-definition>

            <attribute-definition attribute-id="callId">
                <display-name xml:lang="x-default">Call ID</display-name>
                <type>string</type>
                <mandatory-flag>false</mandatory-flag>
                <externally-managed-flag>false</externally-managed-flag>
                <min-length>0</min-length>
            </attribute-definition>

            <attribute-definition attribute-id="riskScore">
                <display-name xml:lang="x-default">Risk Score</display-name>
                <type>string</type>
                <mandatory-flag>false</mandatory-flag>
                <externally-managed-flag>false</externally-managed-flag>
                <min-length>0</min-length>
            </attribute-definition>

            <attribute-definition attribute-id="riskScore_factorCodes">
                <display-name xml:lang="x-default">Risk Score - Factor Code</display-name>
                <type>string</type>
                <mandatory-flag>false</mandatory-flag>
                <externally-managed-flag>false</externally-managed-flag>
                <min-length>0</min-length>
            </attribute-definition>

            <attribute-definition attribute-id="riskScore_modelUsed">
                <display-name xml:lang="x-default">Risk Score - Model Used</display-name>
                <type>string</type>
                <mandatory-flag>false</mandatory-flag>
                <externally-managed-flag>false</externally-managed-flag>
                <min-length>0</min-length>
            </attribute-definition>

            <attribute-definition attribute-id="approvalCode">
                <display-name xml:lang="x-default">Approval Code</display-name>
                <type>string</type>
                <mandatory-flag>false</mandatory-flag>
                <externally-managed-flag>false</externally-managed-flag>
                <min-length>0</min-length>
            </attribute-definition>
            
            <attribute-definition attribute-id="earlyDecision">
                <display-name xml:lang="x-default">Early Decision</display-name>
                <type>string</type>
                <mandatory-flag>false</mandatory-flag>
                <externally-managed-flag>false</externally-managed-flag>
                <min-length>0</min-length>
            </attribute-definition>
        </custom-attribute-definitions>
        <group-definitions>
            <attribute-group group-id="Custom">
                <display-name xml:lang="x-default">Custom</display-name>
                <attribute attribute-id="AmountPaid"/>
                <attribute attribute-id="requestId"/>
                <attribute attribute-id="reconciliationId"/>
                <attribute attribute-id="paymentDetails"/>
            </attribute-group>
        </group-definitions>
    </type-extension>
    <type-extension type-id="Profile">
        <custom-attribute-definitions>
            <attribute-definition attribute-id="customerID">
                <display-name xml:lang="x-default">Customer ID</display-name>
                <type>string</type>
                <mandatory-flag>false</mandatory-flag>
                <externally-managed-flag>false</externally-managed-flag>
                <min-length>0</min-length>
            </attribute-definition>
            <attribute-definition attribute-id="deleteInstrumentId">
                <display-name xml:lang="x-default">Payment Instrument to be deleted from cybersource</display-name>
                <type>set-of-string</type>
                <mandatory-flag>false</mandatory-flag>
                <externally-managed-flag>false</externally-managed-flag>
            </attribute-definition>
            <attribute-definition attribute-id="savedCCRateCount">
                <display-name xml:lang="x-default">savedCCRateCount</display-name>
                <type>int</type>
                <mandatory-flag>false</mandatory-flag>
                <externally-managed-flag>false</externally-managed-flag>
            </attribute-definition>
            <attribute-definition attribute-id="savedCCRateLookBack">
                <display-name xml:lang="x-default">savedCCRateLookBack</display-name>
                <type>date</type>
                <mandatory-flag>false</mandatory-flag>
                <externally-managed-flag>false</externally-managed-flag>
            </attribute-definition>
        </custom-attribute-definitions>
        <group-definitions>
            <attribute-group group-id="Custom">
                <display-name xml:lang="x-default">Rate Limit</display-name>
                <attribute attribute-id="savedCCRateCount"/>
                <attribute attribute-id="savedCCRateLookBack"/>
            </attribute-group>
        </group-definitions>
    </type-extension>
    <type-extension type-id="OrderPaymentInstrument">
        <custom-attribute-definitions>
            <attribute-definition attribute-id="fluidData">
                <display-name xml:lang="x-default">fluidData</display-name>
                <type>text</type>
                <mandatory-flag>false</mandatory-flag>
                <externally-managed-flag>false</externally-managed-flag>
            </attribute-definition>
            <attribute-definition attribute-id="callID">
                <display-name xml:lang="x-default">callID</display-name>
                <type>text</type>
                <mandatory-flag>false</mandatory-flag>
                <externally-managed-flag>false</externally-managed-flag>
            </attribute-definition>
        </custom-attribute-definitions>
        <group-definitions>
            <attribute-group group-id="Custom">
                <display-name xml:lang="x-default">Custom</display-name>
                <attribute attribute-id="fluidData"/>
                <attribute attribute-id="callID"/>
            </attribute-group>
        </group-definitions>
    </type-extension>
</metadata>
